{
    "nodes": [
        {
            "id": "af1cb902-cebc-4334-a696-ac16cab3ebd7",
            "name": "Manual Approval",
            "x": 833.0,
            "y": 155.0,
            "description": "",
            "module_id": "manual_approval_module",
            "config_values": {
                "approval_message": "ADA PESAN RAHASIA UNTUK AKMU, APAKAH KAMU INGIN MELANJUTKAN ?",
                "has_breakpoint": false,
                "timeout_seconds": 0,
                "retry_attempts": 0,
                "retry_delay_seconds": 5,
                "is_checkpoint": false,
                "enable_loop": false,
                "loop_type": "count",
                "loop_iterations": 1,
                "loop_condition_var": "",
                "loop_condition_op": "==",
                "loop_condition_val": "",
                "enable_sleep": false,
                "sleep_type": "static",
                "static_duration": 1,
                "random_min": 1,
                "random_max": 5,
                "__internal_node_id": "af1cb902-cebc-4334-a696-ac16cab3ebd7"
            }
        },
        {
            "id": "3aceb0c6-23e9-4e16-8f11-15137fd27834",
            "name": "Set Variables / START",
            "x": 463.0,
            "y": 160.0,
            "description": "",
            "module_id": "set_variable_module",
            "config_values": {
                "variables": [
                    {
                        "name": "prompt",
                        "value": "APAKAH KAMU INGIN MELANJUTKAN ?",
                        "type": "textarea"
                    }
                ],
                "__internal_node_id": "3aceb0c6-23e9-4e16-8f11-15137fd27834"
            }
        },
        {
            "id": "b2908cb8-e6d5-474d-8dd6-a90d65e832c5",
            "name": "Tampilkan Output (Popup)",
            "x": 1184.0,
            "y": 79.0,
            "description": "",
            "module_id": "debug_popup_module",
            "config_values": {
                "__internal_node_id": "b2908cb8-e6d5-474d-8dd6-a90d65e832c5"
            }
        },
        {
            "id": "e2a2fa1e-b148-40d4-ab16-76f2516dbe68",
            "name": "Tampilkan Output (Popup)",
            "x": 1215.0,
            "y": 314.0,
            "description": "",
            "module_id": "debug_popup_module",
            "config_values": {
                "__internal_node_id": "e2a2fa1e-b148-40d4-ab16-76f2516dbe68"
            }
        }
    ],
    "connections": [
        {
            "id": "eb7b3353-3f63-44b5-94d6-c977fd8e8a95",
            "from": "3aceb0c6-23e9-4e16-8f11-15137fd27834",
            "to": "af1cb902-cebc-4334-a696-ac16cab3ebd7",
            "source_port_name": "success",
            "target_port_name": null,
            "type": "output"
        },
        {
            "id": "fa93641b-81e3-41d2-8209-29b7ed1e992e",
            "from": "af1cb902-cebc-4334-a696-ac16cab3ebd7",
            "to": "b2908cb8-e6d5-474d-8dd6-a90d65e832c5",
            "source_port_name": "APPROVED",
            "target_port_name": null,
            "type": "output"
        },
        {
            "id": "1485499f-8b39-4bf2-a38b-9a1f7afb6121",
            "from": "af1cb902-cebc-4334-a696-ac16cab3ebd7",
            "to": "e2a2fa1e-b148-40d4-ab16-76f2516dbe68",
            "source_port_name": "REJECTED",
            "target_port_name": null,
            "type": "output"
        }
    ],
    "labels": []
}