{
    "nodes": [
        {
            "id": "d5171f5f-39db-4b37-9de3-2c4096bace88",
            "name": "Persetujuan Manual",
            "x": 965.0,
            "y": 225.0,
            "description": "",
            "module_id": "manual_approval_module",
            "config_values": {
                "approval_message": "SEPERTINYA ADA ERROR BRO",
                "has_breakpoint": false,
                "timeout_seconds": 0,
                "retry_attempts": 0,
                "retry_delay_seconds": 5,
                "is_checkpoint": false,
                "enable_loop": false,
                "loop_type": "count",
                "loop_iterations": 1,
                "loop_condition_var": "",
                "loop_condition_op": "==",
                "loop_condition_val": "",
                "enable_sleep": false,
                "sleep_type": "static",
                "static_duration": 1,
                "random_min": 1,
                "random_max": 5
            }
        }
    ],
    "connections": [],
    "labels": []
}